eventid_count,year,country,deaths_sum,year,Country,HappinessScore,Freedom,Health_LifeExpectancy,Economy_GDPperCapita,Trust_GovernmentCorruption,country,country_code,year,Intellecutal_Property_Indicator,country,country_code,year,military_expenses
1928,2015,Afghanistan,6216,2015,Afghanistan,3.575,0.23414,0.30335,0.31982,0.09719,Afghanistan,AFG,2015,242475.5418,Afghanistan,AFG,2015,3.83314218682084
4,2015,Albania,0,2015,Albania,4.959,0.35733,0.81325,0.87867,0.06412999999999999,Albania,ALB,2015,24570725.86,Albania,ALB,2015,1.25531897270316
16,2015,Algeria,21,2015,Algeria,5.605,0.28579,0.61766,0.93929,0.17382999999999998,Algeria,DZA,2015,250010594.1,Algeria,DZA,2015,13.687051931271
1,2015,Argentina,0,2015,Argentina,6.574,0.44974,0.78723,1.05351,0.08484,Argentina,ARG,2015,2178066124,Argentina,ARG,2015,2.07504530617381
2,2015,Armenia,0,2015,Armenia,4.35,0.19847,0.7299,0.76821,0.039,Armenia,ARM,2015,NULL,Armenia,ARM,2015,16.0998743250336
14,2015,Australia,2,2015,Australia,7.284,0.65124,0.93156,1.33358,0.35636999999999996,Australia,AUS,2015,3526073729,Australia,AUS,2015,5.22336663201341
18,2015,Bahrain,5,2015,Bahrain,5.96,0.45492,0.74716,1.32376,0.306,Bahrain,BHR,2015,NULL,Bahrain,BHR,2015,12.6711848562748
469,2015,Bangladesh,86,2015,Bangladesh,4.694,0.4082,0.60164,0.39753,0.12569,Bangladesh,BGD,2015,24374495.85,Bangladesh,BGD,2015,10.4900746018225
5,2015,Brazil,3,2015,Brazil,6.983,0.49049,0.69702,0.98124,0.17521,Brazil,BRA,2015,5250459024,Brazil,BRA,2015,3.56623274347308
2,2015,Bulgaria,0,2015,Bulgaria,4.218,0.30587,0.76649,1.01216,0.00872,Bulgaria,BGR,2015,185840000,Bulgaria,BGR,2015,3.48590391342043
6,2015,"Burkina Faso",16,2015,"Burkina Faso",3.587,0.39493,0.27125,0.25812,0.12832000000000002,"Burkina Faso",BFA,2015,233325.0738,"Burkina Faso",BFA,2015,6.14370466177535
102,2015,Burundi,223,2015,Burundi,2.905,0.1185,0.22396,0.0153,0.10062,Burundi,BDI,2015,3244.484641,Burundi,BDI,2015,8.10186140896857
83,2015,Cameroon,931,2015,Cameroon,4.252,0.49309,0.23402,0.4225,0.05786,Cameroon,CMR,2015,7016659.829,Cameroon,CMR,2015,6.03893459831291
5,2015,Canada,0,2015,Canada,7.427,0.63297,0.90563,1.32629,0.32957,Canada,CAN,2015,10730048600,Canada,CAN,2015,2.87172309304713
48,2015,"Central African Republic",171,2015,"Central African Republic",3.678,0.48879,0.06699,0.0785,0.08288999999999999,"Central African Republic",CAF,2015,NULL,"Central African Republic",CAF,2015,11.2814285714286
27,2015,Chad,306,2015,Chad,3.667,0.23501,0.1501,0.34193,0.05269,Chad,TCD,2015,NULL,Chad,TCD,2015,11.8664457407449
1,2015,Chile,0,2015,Chile,6.67,0.44132,0.85857,1.10715,0.12869,Chile,CHL,2015,1557776179,Chile,CHL,2015,7.62207760911094
17,2015,China,123,2015,China,5.14,0.51697,0.81658,0.89012,0.02781,China,CHN,2015,22022366055,China,CHN,2015,6.08881282159957
136,2015,Colombia,104,2015,Colombia,6.477,0.53466,0.69077,0.91861,0.0512,Colombia,COL,2015,471320169,Colombia,COL,2015,10.5098115316171
3,2015,Cyprus,0,2015,Cyprus,5.689,0.40672,0.92356,1.20813,0.06146,Cyprus,CYP,2015,167062381.8,Cyprus,CYP,2015,4.1636389240952
4,2015,"Czech Republic",0,2015,"Czech Republic",6.505,0.46364,0.84483,1.17898,0.02652,"Czech Republic",CZE,2015,1227305475,"Czech Republic",CZE,2015,2.28466022051879
4,2015,Denmark,2,2015,Denmark,7.527,0.64938,0.87464,1.32548,0.48357,Denmark,DNK,2015,1530214735,Denmark,DNK,2015,2.03643686082983
1,2015,Djibouti,0,2015,Djibouti,4.369,0.46074,0.36291,0.44025,0.28105,Djibouti,DJI,2015,NULL,Djibouti,DJI,2015,NULL
1,2015,Ecuador,0,2015,Ecuador,5.975,0.48574,0.79075,0.86402,0.1809,Ecuador,ECU,2015,72456488.63,Ecuador,ECU,2015,6.69254354323405
2,2015,Estonia,0,2015,Estonia,5.429,0.44888,0.77361,1.15174,0.15184,Estonia,EST,2015,43574272.02,Estonia,EST,2015,5.1131498470948
7,2015,Ethiopia,48,2015,Ethiopia,4.512,0.4345,0.44055,0.19073,0.15048,Ethiopia,ETH,2015,3838616.245,Ethiopia,ETH,2015,4.07193137703941
9,2015,Finland,0,2015,Finland,7.406,0.64169,0.88911,1.29025,0.41372,Finland,FIN,2015,832032076.7,Finland,FIN,2015,2.5674747440902
37,2015,France,162,2015,France,6.575,0.55011,0.94579,1.27778,0.20646,France,FRA,2015,15654886216,France,FRA,2015,4.01144703735561
1,2015,Georgia,0,2015,Georgia,4.297,0.40577,0.72926,0.7419,0.38331,Georgia,GEO,2015,6985876.37,Georgia,GEO,2015,8.10501649824706
65,2015,Germany,1,2015,Germany,6.75,0.61477,0.89186,1.32792,0.21843,Germany,DEU,2015,10107361279,Germany,DEU,2015,2.6893174936361
31,2015,Greece,1,2015,Greece,4.857,0.07699,0.88213,1.15406,0.013969999999999998,Greece,GRC,2015,290625614.5,Greece,GRC,2015,4.81951100461484
2,2015,Guinea,1,2015,Guinea,3.656,0.37725,0.24009,0.17417,0.12139000000000001,Guinea,GIN,2015,NULL,Guinea,GIN,2015,11.6015111223731
1,2015,Hungary,0,2015,Hungary,4.8,0.32112,0.75905,1.12094,0.02758,Hungary,HUN,2015,2006471837,Hungary,HUN,2015,1.85971726639704
884,2015,India,387,2015,India,4.565,0.39786,0.51529,0.64499,0.08492000000000001,India,IND,2015,5009034407,India,IND,2015,8.76187525571073
29,2015,Indonesia,22,2015,Indonesia,5.399,0.46611,0.63793,0.82827,0,Indonesia,IDN,2015,1652686736,Indonesia,IDN,2015,5.10847619939048
2751,2015,Iraq,8885,2015,Iraq,4.677,0,0.60237,0.98549,0.13788,Iraq,IRQ,2015,1400000,Iraq,IRQ,2015,12.5600178960559
28,2015,Ireland,0,2015,Ireland,6.94,0.61777,0.89533,1.33596,0.28703,Ireland,IRL,2015,76415902226,Ireland,IRL,2015,1.18946811325748
58,2015,Israel,20,2015,Israel,7.278,0.41319,0.91387,1.22857,0.07785,Israel,ISR,2015,1061600000,Israel,ISR,2015,14.2957172705659
5,2015,Italy,0,2015,Italy,5.948,0.26236,0.95446,1.25114,0.02901,Italy,ITA,2015,4319050930,Italy,ITA,2015,2.74752516157011
10,2015,Japan,0,2015,Japan,5.987,0.49615,0.99111,1.27074,0.1806,Japan,JPN,2015,17033762146,Japan,JPN,2015,2.62251342723565
4,2015,Jordan,7,2015,Jordan,5.192,0.40661,0.69639,0.90198,0.14293,Jordan,JOR,2015,14788732.39,Jordan,JOR,2015,14.8024786986832
71,2015,Kenya,281,2015,Kenya,4.419,0.42215,0.41435,0.36471,0.05839,Kenya,KEN,2015,146182787.7,Kenya,KEN,2015,4.84681875952336
2,2015,Kosovo,0,2015,Kosovo,5.589,0.24749,0.63132,0.80148,0.04741,Kosovo,XKX,2015,1698144.331,Kosovo,XKX,2015,2.87440822704082
1,2015,Kuwait,28,2015,Kuwait,6.295,0.55499,0.72492,1.55422,0.25609,Kuwait,KWT,2015,NULL,Kuwait,KWT,2015,9.20434550786457
44,2015,Lebanon,111,2015,Lebanon,4.839,0.33916,0.83947,1.02564,0.04582,Lebanon,LBN,2015,34392576.1,Lebanon,LBN,2015,16.824278056669
1,2015,Lesotho,1,2015,Lesotho,4.898,0.31767,0.07612,0.37545,0.12504,Lesotho,LSO,2015,3382152.318,Lesotho,LSO,2015,3.57239729076571
543,2015,Libya,689,2015,Libya,5.754,0.41668,0.7038,1.13145,0.11023,Libya,LBY,2015,NULL,Libya,LBY,2015,NULL
5,2015,Malaysia,1,2015,Malaysia,5.77,0.53024,0.72394,1.12486,0.10500999999999999,Malaysia,MYS,2015,1294968669,Malaysia,MYS,2015,6.09810717509492
121,2015,Mali,269,2015,Mali,3.995,0.38857,0.20583,0.26074,0.12352,Mali,MLI,2015,NULL,Mali,MLI,2015,11.2718329002968
1,2015,Malta,0,2015,Malta,6.302,0.60365,0.88721,1.2074,0.13585999999999998,Malta,MLT,2015,678937302.9,Malta,MLT,2015,1.2220041862899
19,2015,Mexico,9,2015,Mexico,7.187,0.48181,0.81444,1.02054,0.21311999999999998,Mexico,MEX,2015,259558175,Mexico,MEX,2015,2.47328412360008
1,2015,Montenegro,0,2015,Montenegro,5.192,0.1826,0.72521,0.97438,0.14296,Montenegro,MNE,2015,3445276.957,Montenegro,MNE,2015,3.03724097098875
1,2015,Morocco,0,2015,Morocco,5.013,0.41691,0.60954,0.73479,0.08546000000000001,Morocco,MAR,2015,95600829.85,Morocco,MAR,2015,10.5206540731217
8,2015,Mozambique,12,2015,Mozambique,4.971,0.34037,0.09131,0.08308,0.15603,Mozambique,MOZ,2015,26793739.52,Mozambique,MOZ,2015,2.81989657389018
37,2015,Myanmar,60,2015,Myanmar,4.307,0.44017,0.48246,0.27108,0.19034,Myanmar,MMR,2015,271948538.3,Myanmar,MMR,2015,17.6274320307951
48,2015,Nepal,0,2015,Nepal,4.514,0.38282,0.56874,0.35997,0.059070000000000004,Nepal,NPL,2015,NULL,Nepal,NPL,2015,7.74278402152009
3,2015,Netherlands,0,2015,Netherlands,7.378,0.61576,0.89284,1.32944,0.31814000000000003,Netherlands,NLD,2015,72122742866,Netherlands,NLD,2015,2.54800451193511
41,2015,Niger,666,2015,Niger,3.845,0.47692,0.29707,0.0694,0.15639,Niger,NER,2015,NULL,Niger,NER,2015,NULL
638,2015,Nigeria,5559,2015,Nigeria,5.268,0.34334,0.16007,0.65435,0.0403,Nigeria,NGA,2015,259310470.4,Nigeria,NGA,2015,3.7601898366268
1243,2015,Pakistan,1608,2015,Pakistan,5.194,0.12102,0.51466,0.59543,0.10464000000000001,Pakistan,PAK,2015,180000000,Pakistan,PAK,2015,17.9623861947681
19,2015,Paraguay,14,2015,Paraguay,5.878,0.53899,0.66098,0.75985,0.08242000000000001,Paraguay,PRY,2015,18500000,Paraguay,PRY,2015,5.58397439592729
10,2015,Peru,6,2015,Peru,5.824,0.41496,0.73017,0.90019,0.05989,Peru,PER,2015,302156767.9,Peru,PER,2015,7.73688901300054
721,2015,Philippines,447,2015,Philippines,5.073,0.62545,0.58114,0.70532,0.12279000000000001,Philippines,PHL,2015,612611626,Philippines,PHL,2015,6.06494954899587
1,2015,Qatar,0,2015,Qatar,6.611,0.6404,0.79733,1.69042,0.52208,Qatar,QAT,2015,NULL,Qatar,QAT,2015,NULL
103,2015,"Saudi Arabia",213,2015,"Saudi Arabia",6.411,0.31048,0.72025,1.39541,0.32524000000000003,"Saudi Arabia",SAU,2015,NULL,"Saudi Arabia",SAU,2015,32.7272636273092
2,2015,Senegal,0,2015,Senegal,3.904,0.36772,0.4354,0.36498,0.10712999999999999,Senegal,SEN,2015,5150397.39,Senegal,SEN,2015,5.26474987673044
5,2015,"South Africa",5,2015,"South Africa",4.642,0.33207,0.27688,0.92049,0.08884,"South Africa",ZAF,2015,1708385694,"South Africa",ZAF,2015,3.34345346055779
1,2015,Spain,0,2015,Spain,6.329,0.45951,0.95562,1.23011,0.06398,Spain,ESP,2015,4518881898,Spain,ESP,2015,2.90954538984038
11,2015,"Sri Lanka",3,2015,"Sri Lanka",4.271,0.53726,0.70806,0.83524,0.09179,"Sri Lanka",LKA,2015,NULL,"Sri Lanka",LKA,2015,12.5436498685403
158,2015,Sudan,210,2015,Sudan,4.55,0.10081,0.36878,0.52107,0.1466,Sudan,SDN,2015,NULL,Sudan,SDN,2015,21.6836090415457
32,2015,Sweden,4,2015,Sweden,7.364,0.6598,0.91087,1.33171,0.43843999999999994,Sweden,SWE,2015,4172708008,Sweden,SWE,2015,2.20532670023661
3,2015,Tajikistan,12,2015,Tajikistan,4.786,0.47216,0.57379,0.39047,0.15072,Tajikistan,TJK,2015,NULL,Tajikistan,TJK,2015,3.83221868709824
14,2015,Tanzania,10,2015,Tanzania,3.781,0.32878,0.38215,0.2852,0.05747000000000001,Tanzania,TZA,2015,2007390,Tanzania,TZA,2015,6.36337838352267
278,2015,Thailand,116,2015,Thailand,6.455,0.55664,0.7385,0.9669,0.031869999999999996,Thailand,THA,2015,4121490000,Thailand,THA,2015,1.21162969970441
1,2015,"Trinidad and Tobago",0,2015,"Trinidad and Tobago",6.168,0.55884,0.61483,1.21183,0.0114,"Trinidad and Tobago",TTO,2015,75381069.46,"Trinidad and Tobago",TTO,2015,3.56447415579761
17,2015,Tunisia,103,2015,Tunisia,4.739,0.26268,0.73793,0.88113,0.06358,Tunisia,TUN,2015,20952016.82,Tunisia,TUN,2015,7.87620414019266
422,2015,Turkey,490,2015,Turkey,5.332,0.22815,0.73172,1.06098,0.15746,Turkey,TUR,2015,682000000,Turkey,TUR,2015,5.52539066419435
10,2015,Uganda,4,2015,Uganda,3.931,0.45727,0.33861,0.21102,0.07267,Uganda,UGA,2015,13771124.87,Uganda,UGA,2015,9.91053661416971
637,2015,Ukraine,765,2015,Ukraine,4.681,0.25123,0.6739,0.79907,0.02961,Ukraine,UKR,2015,358000000,Ukraine,UKR,2015,9.23079798910904
114,2015,"United Kingdom",1,2015,"United Kingdom",6.867,0.59625,0.90943,1.26637,0.32066999999999996,"United Kingdom",GBR,2015,11421937285,"United Kingdom",GBR,2015,4.69108640027038
38,2015,"United States",54,2015,"United States",7.119,0.54604,0.86179,1.39451,0.1589,"United States",USA,2015,40609000000,"United States",USA,2015,9.35480940332285
1,2015,Uzbekistan,0,2015,Uzbekistan,6.003,0.65821,0.59772,0.63244,0.30826,Uzbekistan,UZB,2015,NULL,Uzbekistan,UZB,2015,NULL
1617,2016,Afghanistan,6142,2016,Afghanistan,3.36,0.1643,0.17344,0.38227,0.07112,Afghanistan,AFG,2016,36802.95,Afghanistan,AFG,2016,3.6802510519657
2,2016,Albania,0,2016,Albania,4.655,0.31866,0.73007,0.9553,0.05301,Albania,ALB,2016,23157888.57,Albania,ALB,2016,1.18561906096052
9,2016,Algeria,9,2016,Algeria,6.355,0.21006,0.61804,1.05266,0.16157,Algeria,DZA,2016,152897904.4,Algeria,DZA,2016,15.1455872292954
2,2016,Angola,0,2016,Angola,3.866,0.00589,0.04991,0.84731,0.08434,Angola,AGO,2016,212229720,Angola,AGO,2016,12.5259891598916
2,2016,Argentina,0,2016,Argentina,6.65,0.42284,0.69711,1.15137,0.07296,Argentina,ARG,2016,2108388364,Argentina,ARG,2016,1.99404774382659
2,2016,Armenia,6,2016,Armenia,4.36,0.14037,0.64083,0.86086,0.036160000000000005,Armenia,ARM,2016,NULL,Armenia,ARM,2016,15.1226623240176
9,2016,Australia,0,2016,Australia,7.313,0.56837,0.8512,1.44443,0.32331,Australia,AUS,2016,3318284382,Australia,AUS,2016,5.58639434797594
3,2016,Austria,0,2016,Austria,7.119,0.54355,0.80565,1.45038,0.21348000000000003,Austria,AUT,2016,1466234419,Austria,AUT,2016,1.46190345476648
2,2016,Azerbaijan,1,2016,Azerbaijan,5.291,0.35327,0.54504,1.12373,0.17914000000000002,Azerbaijan,AZE,2016,NULL,Azerbaijan,AZE,2016,10.427622344905
3,2016,Bahrain,1,2016,Bahrain,6.218,0.47375,0.65696,1.44024,0.25772,Bahrain,BHR,2016,NULL,Bahrain,BHR,2016,13.3352414605418
88,2016,Bangladesh,76,2016,Bangladesh,4.643,0.39778,0.52989,0.54177,0.12583,Bangladesh,BGD,2016,46541986.24,Bangladesh,BGD,2016,10.6865244176427
6,2016,Belgium,36,2016,Belgium,6.929,0.51354,0.81959,1.42539,0.26248,Belgium,BEL,2016,2755631068,Belgium,BEL,2016,1.73288437960873
2,2016,Brazil,1,2016,Brazil,6.952,0.40425,0.61415,1.08754,0.14165999999999998,Brazil,BRA,2016,5140803656,Brazil,BRA,2016,3.43476949664241
1,2016,Bulgaria,0,2016,Bulgaria,4.217,0.21219,0.67806,1.11306,0.00615,Bulgaria,BGR,2016,183510000,Bulgaria,BGR,2016,4.28136516583881
10,2016,"Burkina Faso",62,2016,"Burkina Faso",3.739,0.3337,0.21297,0.31995,0.12533,"Burkina Faso",BFA,2016,460364.652,"Burkina Faso",BFA,2016,5.38717448245134
83,2016,Burundi,74,2016,Burundi,2.905,0.0432,0.15747,0.06831,0.09419,Burundi,BDI,2016,150910.1751,Burundi,BDI,2016,9.99646915791236
56,2016,Cameroon,269,2016,Cameroon,4.513,0.42736,0.12698,0.52497,0.06126,Cameroon,CMR,2016,905589.0408,Cameroon,CMR,2016,5.8988743127669
6,2016,Canada,1,2016,Canada,7.404,0.5737,0.8276,1.44015,0.31329,Canada,CAN,2016,11449343397,Canada,CAN,2016,2.90534764344742
5,2016,Chad,22,2016,Chad,3.763,0.12807,0.03824,0.42214,0.04952,Chad,TCD,2016,NULL,Chad,TCD,2016,21.1367233589456
18,2016,Chile,2,2016,Chile,6.705,0.37789,0.81883,1.2167,0.11450999999999999,Chile,CHL,2016,1613695026,Chile,CHL,2016,7.38774598329846
5,2016,China,13,2016,China,5.245,0.44012,0.73561,1.0278,0.02745,China,CHN,2016,23979580208,China,CHN,2016,6.03378485685762
109,2016,Colombia,52,2016,Colombia,6.481,0.44735,0.59659,1.03032,0.053989999999999996,Colombia,COL,2016,438586639.1,Colombia,COL,2016,10.9478637801276
2,2016,Cyprus,0,2016,Cyprus,5.546,0.29507,0.8488,1.31857,0.05227999999999999,Cyprus,CYP,2016,113971845.9,Cyprus,CYP,2016,4.08972456115313
2,2016,"Czech Republic",0,2016,"Czech Republic",6.596,0.41418,0.76376,1.30915,0.03986,"Czech Republic",CZE,2016,1193119443,"Czech Republic",CZE,2016,2.54034228139037
1,2016,Denmark,1,2016,Denmark,7.526,0.57941,0.79504,1.44178,0.44453000000000004,Denmark,DNK,2016,1625778239,Denmark,DNK,2016,2.18788693897523
2,2016,Ecuador,1,2016,Ecuador,5.976,0.4027,0.68613,0.97306,0.18037,Ecuador,ECU,2016,46324537.67,Ecuador,ECU,2016,6.52101712506487
13,2016,Ethiopia,279,2016,Ethiopia,4.508,0.36703,0.34578,0.29283,0.1717,Ethiopia,ETH,2016,1115301.752,Ethiopia,ETH,2016,3.64907633867701
3,2016,Finland,0,2016,Finland,7.413,0.57104,0.81091,1.40598,0.41003999999999996,Finland,FIN,2016,876760776.6,Finland,FIN,2016,2.57022764159973
26,2016,France,95,2016,France,6.478,0.46562,0.83795,1.39488,0.17808,France,FRA,2016,14711295509,France,FRA,2016,4.12574594512898
4,2016,Georgia,1,2016,Georgia,4.252,0.32461,0.64035,0.83792,0.3188,Georgia,GEO,2016,16194771.85,Georgia,GEO,2016,8.15784357816161
44,2016,Germany,27,2016,Germany,6.994,0.53466,0.81487,1.44787,0.28551,Germany,DEU,2016,11318635655,Germany,DEU,2016,2.7077030327167
1,2016,Ghana,0,2016,Ghana,4.276,0.40973,0.29681,0.63107,0.0326,Ghana,GHA,2016,NULL,Ghana,GHA,2016,1.46506559216099
31,2016,Greece,66,2016,Greece,5.033,0.05822,0.80029,1.24886,0.04127,Greece,GRC,2016,246609875.1,Greece,GRC,2016,5.20419285267039
1,2016,Guinea,1,2016,Guinea,3.607,0.30953,0.18829,0.22415,0.1192,Guinea,GIN,2016,NULL,Guinea,GIN,2016,11.6632419760947
1,2016,Haiti,7,2016,Haiti,4.028,0.12072,0.27494,0.34097,0.14476,Haiti,HTI,2016,1627980,Haiti,HTI,2016,0
1,2016,Honduras,2,2016,Honduras,4.871,0.26755,0.58383,0.69429,0.06906,Honduras,HND,2016,66573650.27,Honduras,HND,2016,5.94061680756429
1,2016,Hungary,0,2016,Hungary,5.145,0.1977,0.67608,1.24142,0.044719999999999996,Hungary,HUN,2016,1446684698,Hungary,HUN,2016,2.18322970657845
1025,2016,India,467,2016,India,4.404,0.40285,0.45091,0.74036,0.08722,India,IND,2016,5466041710,India,IND,2016,8.98510700751948
19,2016,Indonesia,22,2016,Indonesia,5.314,0.39237,0.49374,0.95104,0.00322,Indonesia,IDN,2016,1732362913,Indonesia,IDN,2016,4.70158620207812
3360,2016,Iraq,12207,2016,Iraq,4.575,0.24856,0.51076,1.07474,0.13635999999999998,Iraq,IRQ,2016,1500000,Iraq,IRQ,2016,8.38748689521659
15,2016,Ireland,2,2016,Ireland,6.907,0.54008,0.81455,1.48341,0.29754,Ireland,IRL,2016,76057451446,Ireland,IRL,2016,1.21773152629881
50,2016,Israel,16,2016,Israel,7.267,0.36432,0.84917,1.33766,0.08728,Israel,ISR,2016,1202100000,Israel,ISR,2016,11.5987246291802
11,2016,Italy,1,2016,Italy,5.977,0.18827,0.85102,1.35495,0.02556,Italy,ITA,2016,4679032553,Italy,ITA,2016,3.07543973250083
1,2016,Japan,19,2016,Japan,5.921,0.46761,0.91491,1.38007,0.18985,Japan,JPN,2016,20246369822,Japan,JPN,2016,2.55841477886205
9,2016,Jordan,35,2016,Jordan,5.303,0.36023,0.60712,0.99673,0.13297,Jordan,JOR,2016,24084507.04,Jordan,JOR,2016,15.8057617310354
3,2016,Kazakhstan,10,2016,Kazakhstan,5.919,0.4052,0.57386,1.22943,0.11132,Kazakhstan,KAZ,2016,126873674.7,Kazakhstan,KAZ,2016,4.34766012105036
65,2016,Kenya,72,2016,Kenya,4.356,0.40576,0.30147,0.52267,0.06686,Kenya,KEN,2016,144483927.9,Kenya,KEN,2016,4.80676569976357
8,2016,Kosovo,0,2016,Kosovo,5.401,0.14396,0.54,0.90145,0.06547,Kosovo,XKX,2016,2629407.623,Kosovo,XKX,2016,0
2,2016,Kuwait,1,2016,Kuwait,6.239,0.43166,0.63569,1.61714,0.23669,Kuwait,KWT,2016,NULL,Kuwait,KWT,2016,10.9934540940128
41,2016,Lebanon,25,2016,Lebanon,5.129,0.26228,0.76171,1.12268,0.030610000000000002,Lebanon,LBN,2016,32884145.91,Lebanon,LBN,2016,17.7648540282735
422,2016,Libya,634,2016,Libya,5.615,0.40672,0.52304,1.06688,0.10339000000000001,Libya,LBY,2016,NULL,Libya,LBY,2016,NULL
1,2016,Madagascar,3,2016,Madagascar,3.695,0.13684,0.37109,0.27954,0.07506,Madagascar,MDG,2016,8039022.437999999,Madagascar,MDG,2016,3.70864524492171
19,2016,Malaysia,6,2016,Malaysia,6.005,0.39031,0.62366,1.25142,0.09081,Malaysia,MYS,2016,1347909837,Malaysia,MYS,2016,6.0127902127068
99,2016,Mali,181,2016,Mali,4.073,0.27544,0.16347,0.31292,0.13647,Mali,MLI,2016,NULL,Mali,MLI,2016,11.6186943812645
5,2016,Mexico,4,2016,Mexico,6.778,0.37709,0.71143,1.11508,0.18355,Mexico,MEX,2016,276717753,Mexico,MEX,2016,2.2120226124077
1,2016,Moldova,0,2016,Moldova,5.897,0.25202,0.52309,0.69177,0.019030000000000002,Moldova,MDA,2016,19070000,Moldova,MDA,2016,1.21314634846435
74,2016,Myanmar,73,2016,Myanmar,4.395,0.42692,0.3988,0.34112,0.20243,Myanmar,MMR,2016,230635285.5,Myanmar,MMR,2016,16.6878263372162
43,2016,Nepal,5,2016,Nepal,4.793,0.37012,0.50073,0.44626,0.07007999999999999,Nepal,NPL,2016,NULL,Nepal,NPL,2016,6.9899848144471
6,2016,Netherlands,1,2016,Netherlands,7.339,0.55211,0.81231,1.46468,0.29927,Netherlands,NLD,2016,37620317433,Netherlands,NLD,2016,2.70051373453554
1,2016,"New Zealand",0,2016,"New Zealand",7.334,0.58147,0.83096,1.36066,0.41903999999999997,"New Zealand",NZL,2016,863661441.7,"New Zealand",NZL,2016,3.38029751471844
25,2016,Niger,190,2016,Niger,3.856,0.38041,0.26162,0.1327,0.17176,Niger,NER,2016,NULL,Niger,NER,2016,8.2983279934406
533,2016,Nigeria,2165,2016,Nigeria,4.875,0.27854,0.05108,0.75216,0.0305,Nigeria,NGA,2016,252613452.4,Nigeria,NGA,2016,4.33283080985373
864,2016,Pakistan,1113,2016,Pakistan,5.132,0.14622,0.40306,0.68816,0.1388,Pakistan,PAK,2016,221000000,Pakistan,PAK,2016,18.0322155733045
1,2016,Panama,0,2016,Panama,6.701,0.48927,0.70835,1.18306,0.08423,Panama,PAN,2016,47000000,Panama,PAN,2016,0
15,2016,Paraguay,10,2016,Paraguay,5.538,0.46235,0.58295,0.89373,0.07396,Paraguay,PRY,2016,19330000,Paraguay,PRY,2016,5.0259074021303904
3,2016,Peru,11,2016,Peru,5.743,0.37502,0.62994,0.99602,0.05292,Peru,PER,2016,323577217.7,Peru,PER,2016,6.18763113222722
632,2016,Philippines,415,2016,Philippines,5.279,0.54854,0.47036,0.81217,0.11757000000000001,Philippines,PHL,2016,546410232.4,Philippines,PHL,2016,6.26497857332743
2,2016,Poland,0,2016,Poland,5.835,0.4519,0.69058,1.24585,0.055,Poland,POL,2016,2692000000,Poland,POL,2016,4.72869221676347
1,2016,Rwanda,0,2016,Rwanda,3.515,0.5432,0.31865,0.32846,0.50521,Rwanda,RWA,2016,NULL,Rwanda,RWA,2016,4.93671702723469
124,2016,"Saudi Arabia",162,2016,"Saudi Arabia",6.379,0.37904,0.59267,1.48953,0.30008,"Saudi Arabia",SAU,2016,NULL,"Saudi Arabia",SAU,2016,25.5230791924902
1,2016,"Sierra Leone",1,2016,"Sierra Leone",4.635,0.30685,0,0.36485,0.08196,"Sierra Leone",SLE,2016,1055010.2079999999,"Sierra Leone",SLE,2016,3.42457540202611
602,2016,Somalia,1583,2016,Somalia,5.44,0.56778,0.11466,0,0.3118,Somalia,SOM,2016,NULL,Somalia,SOM,2016,NULL
27,2016,"South Africa",21,2016,"South Africa",4.459,0.42483,0.18611,1.02416,0.08415,"South Africa",ZAF,2016,1984245344,"South Africa",ZAF,2016,3.27356144725616
59,2016,"South Sudan",633,2016,"South Sudan",3.832,0.19662,0.15781,0.39394,0.13015,"South Sudan",SSD,2016,1770000,"South Sudan",SSD,2016,8.34976587316653
3,2016,Spain,0,2016,Spain,6.361,0.37545,0.87896,1.34253,0.06137000000000001,Spain,ESP,2016,4986909042,Spain,ESP,2016,2.68343539835002
1,2016,"Sri Lanka",0,2016,"Sri Lanka",4.415,0.50817,0.62007,0.97318,0.07964,"Sri Lanka",LKA,2016,NULL,"Sri Lanka",LKA,2016,10.866624419476
173,2016,Sudan,182,2016,Sudan,4.139,0,0.29759,0.63069,0.10039,Sudan,SDN,2016,NULL,Sudan,SDN,2016,24.9650215761646
16,2016,Sweden,0,2016,Sweden,7.291,0.58218,0.83121,1.45181,0.40867,Sweden,SWE,2016,3336027780,Sweden,SWE,2016,2.1869349324412
1,2016,Switzerland,0,2016,Switzerland,7.509,0.58557,0.86303,1.52733,0.41203,Switzerland,CHE,2016,11892876891,Switzerland,CHE,2016,2.04325015530696
2,2016,Tajikistan,2,2016,Tajikistan,4.996,0.43408,0.53119,0.48835,0.13509000000000002,Tajikistan,TJK,2016,NULL,Tajikistan,TJK,2016,NULL
3,2016,Tanzania,3,2016,Tanzania,3.666,0.3176,0.357,0.47155,0.05099,Tanzania,TZA,2016,1402980,Tanzania,TZA,2016,6.14669415058148
329,2016,Thailand,120,2016,Thailand,6.474,0.49553,0.64915,1.0893,0.02833,Thailand,THA,2016,3979480000,Thailand,THA,2016,1.07579465399685
12,2016,Tunisia,71,2016,Tunisia,5.045,0.23553,0.59577,0.97724,0.0817,Tunisia,TUN,2016,17504383.85,Tunisia,TUN,2016,8.17632086386425
542,2016,Turkey,1006,2016,Turkey,5.389,0.23889,0.64718,1.16492,0.12347999999999999,Turkey,TUR,2016,764000000,Turkey,TUR,2016,5.91671343832904
15,2016,Uganda,75,2016,Uganda,3.739,0.43653,0.19625,0.34719,0.06442,Uganda,UGA,2016,19741922.79,Uganda,UGA,2016,10.9440506547624
61,2016,Ukraine,48,2016,Ukraine,4.324,0.12859,0.58628,0.87287,0.01829,Ukraine,UKR,2016,358000000,Ukraine,UKR,2016,9.0484216186035
105,2016,"United Kingdom",9,2016,"United Kingdom",6.725,0.50036,0.80991,1.40283,0.27399,"United Kingdom",GBR,2016,11809013416,"United Kingdom",GBR,2016,4.6756310651609
64,2016,"United States",68,2016,"United States",7.104,0.48163,0.779,1.50796,0.14868,"United States",USA,2016,46577000000,"United States",USA,2016,9.04244589432762
1,2016,Uruguay,1,2016,Uruguay,6.545,0.54388,0.72183,1.18157,0.21394000000000002,Uruguay,URY,2016,109286977.9,Uruguay,URY,2016,5.65029757386208
